ID	Label
1	Sabretooth
2	O
3	Human Nature
4	Shaft's Big Score
5	Cat's Eye
6	The Man Who Wasn't There
7	Miranda
8	Class
9	Phenomenon
10	Whatever Happened to Harold Smith?
11	Meatballs
12	Divine Intervention
13	Devil's Gate
14	The Magician
15	Cloak & Dagger
16	Revenge
17	Cocktail
18	Under My Skin
19	The Lion King 1Â½
20	Jack
21	The Producers
22	Akira
23	Volcano
24	Spanish Fly
25	The Adventures of Priscilla, Queen of the Desert
26	Kill Bill
27	Jackie Brown
28	The Professionals
29	Swing Kids
30	Resident Evil
31	Suspicion
32	Midway
33	Dead Ringers
34	I Confess
35	Hot Shots!
36	Stigmata
37	Doctor Dolittle
38	Sweet Dreams
39	Boiler Room
40	Deathtrap
41	The Night of the Hunter
42	State of Grace
43	Love Me or Leave Me
44	Anastasia
45	Shogun
46	Ragtime
47	My Girl
48	Kwaidan
49	Kanao
50	Cats & Dogs
51	Bonnie and Clyde
52	Taiyo o Nusunda Otoko
53	Of Mice and Men
54	Star Trek IV: The Voyage Home
55	Northwest Passage
56	Cobb
57	The Phantom of the Opera
58	Domino
59	Final Fantasy VII: Advent Children
60	Walker
61	Ryan
62	Three Colors: Red
63	Shiva
64	Mulholland Drive
65	Gross Anatomy
66	In Harm's Way
67	Underworld
68	My Cousin Rachel
69	Possession
70	Immortal Beloved
71	Smoke Signals
72	Madame Curie
73	The Jazz Singer
74	The Hole
75	House on Haunted Hill
76	Faster, Pussycat! Kill! Kill!
77	Outbreak
78	The Singing Detective
79	Secrets & Lies
80	Swordfish
81	Immortel
82	Morocco
83	American Beauty
84	Star Trek: Generations
85	Robotix
86	Groundhog Day
87	To Sir, with Love
88	The Mark of Zorro
89	The Belles of St Trinian's
90	Dog Park
91	Three Colors: Blue
92	Anna
93	The Osterman Weekend
94	Voodoo Academy
95	For Love of the Game
96	Dangerous
97	Serenity
98	Millennium
99	Sink the Bismarck!
100	Sleuth
101	Police Academy 2: Their First Assignment
102	The Wash
103	Swept Away
104	El Dorado
105	Pi
106	Heroism
107	Stella
108	The Real McCoy
109	Mimic
110	1969
111	Anaconda
112	Rick
113	Life Is Sweet
114	Chicago
115	Bombay
116	Fame
117	Bushido Blade
118	Amistad
119	The Great St Trinian's Train Robbery
120	Metroland
121	Contraband
122	Love & Pop
123	The Crucible
124	The Rock
125	Pirates of the Caribbean: Dead Man's Chest
126	Real Life
127	Dude, Where's My Car?
128	Hero
129	The Little Mermaid
130	Grand Illusion
131	Original Sin
132	AVP: Alien vs. Predator
133	The Circus
134	E.T. the Extra-Terrestrial
135	Babylon 5: The Gathering
136	Nixon
137	Prey for Rock & Roll
138	8mm
139	The Messenger: The Story of Joan of Arc
140	Mockingbird Don't Sing
141	Kiss of Death
142	Strangers on a Train
143	Revenge of the Nerds II: Nerds in Paradise
144	A Bug's Life
145	Captain Blood
146	Central do Brasil
147	Vanity Fair
148	The Cruise
149	Anywhere But Here
150	The Preacher's Wife
151	Mr. & Mrs. Bridge
152	Foxy Brown
153	Selena
154	Miller's Crossing
155	The Pillow Book
156	Jurassic Park
157	The Count of Monte Cristo
158	Outland
159	Micki + Maude
160	The American President
161	A Tale of Two Cities
162	Dr. T & the Women
163	Hot Shots! Part Deux
164	Welcome Home, Roxy Carmichael
165	Super Mario Bros.
166	Leon
167	Weekend at Bernie's II
168	Austin Powers:The Spy Who Shagged Me
169	Ghost in the Shell 2: Innocence
170	Robin Hood: Prince of Thieves
171	The Replacements
172	Dilwale Dulhaniy Le Jayenge
173	Teddy Bear
174	...And Justice for All
175	The Last Command
176	The Tell-Tale Heart
177	Mr. Magoo's Christmas Carol
178	Who's That Girl?
179	Labyrinth
180	Ginger Snaps 2: Unleashed
181	Ed Wood
182	Armour of God II: Operation Condor
183	Ben Hur
184	Happy Birthday, Wanda June
185	The Mummy
186	Swingers
187	Ferris Bueller's Day Off
188	Red River
189	Assault on Precinct 13
190	Star Trek Nemesis
191	Always
192	Rugrats in Paris: The Movie
193	The Gate
194	Mask
195	Pinocchio
196	XXX
197	Star Trek: First Contact
198	The Power and the Glory
199	Don's Plum
200	Sinbad: Legend of the Seven Seas
201	Churchill: The Hollywood Years
202	Wings
203	Morgan Stewart's Coming Home
204	Gentleman's Agreement
205	Hips, Hips, Hooray!
206	Stalingrad
207	Event Horizon
208	The Princess Bride
209	Porky's
210	Invasion U.S.A.
211	Heaven's Gate
212	Speed 2: Cruise Control
213	Garfield
214	The Motorcycle Diaries
215	Kiss the Girls
216	Romero
217	Spider-Man
218	F.I.S.T
219	The King of Comedy
220	The Return of the King
221	Uprising
222	Tucker: The Man and His Dream
223	The English Patient
224	Nobody's Fool
225	Tremors
226	John Carpenter's The Fog
227	Small Faces
228	MASH
229	Nobody's Perfect
230	Fury
231	Man on Fire
232	Mickey's Twice Upon a Christmas
233	A Knight's Tale
234	The Hunted
235	Home Alone 2: Lost in New York
236	Police Story
237	Heaven Knows, Mr. Allison
238	Gone in Sixty Seconds
239	Vertigo
240	The Patriot
241	The Brothers
242	Bill & Ted's Bogus Journey
243	Blow
244	Broken Arrow
245	War of the Worlds
246	Thief
247	Terminator 2: Judgment Day
248	Sahara
249	Speed
250	Ocean's Eleven
251	Rugrats Go Wild!
252	Young Mr. Lincoln
253	The Devil's Own
254	Shampoo
255	Dirty Pretty Things
256	Sinkin' in the Bathtub
257	Python
258	A Soldier's Story
259	Exotica
260	Show Boat
261	Bad Boys
262	Scarface
263	Father of the Bride
264	Boris and Natasha
265	White Noise
266	To Each His Own
267	The Golden Compass
268	Godzilla: Tokyo SOS
269	Scott of the Antarctic
270	The Thin Red Line
271	Friendly Persuasion
272	Tales from the Darkside: The Movie
273	Les Diaboliques
274	Anchorman: The Legend of Ron Burgundy
275	Les Miserables
276	JFK
277	Exorcist: The Beginning
278	Alien3
279	There's Something About Mary
280	Porky's Duck Hunt
281	The Fly
282	Project X
283	Hakuchi
284	King David
285	Liebestraum
286	Big Momma's House
287	Robin Hood
288	Sphere
289	The Dam Busters
290	In the Time of the Butterflies
291	National Lampoon's Animal House
292	The Avengers
293	Pillow Talk
294	Monster
295	Heavy Metal
296	Hard Eight
297	Topaz
298	The Land Girls
299	Gray's Anatomy
300	Somersault
301	Alexander
302	Wolf
303	Beethoven's 2nd
304	When a Man Loves a Woman
305	First Daughter
306	Lost Horizon
307	Into the West
308	Revenge of the Nerds IV: Nerds in Love
309	The Last Unicorn
310	Cocoon
311	Rio Bravo
312	Pokamon: Destiny Deoxys
313	Escaflowne
314	Baby Boy
315	Panic
316	What's New Pussycat?
317	Gallipoli
318	Rules of Engagement
319	Shaft
320	The Rose
321	Blade: Trinity
322	Merlin
323	King of Hearts
324	Get Over It
325	Mighty Morphin' Power Rangers: The Movie
326	Flash Gordon's Trip to Mars
327	La Bamba
328	The Serpent's Egg
329	Star Trek V: The Final Frontier
330	Manhunter
331	61*
332	Body Double
333	I, the Jury
334	Are We There Yet
335	Madame X
336	The Dead Zone
337	Vincent
338	The General
339	It's All About Love
340	The Godfather Part III
341	Alice
342	Hullabaloo
343	Yu-Gi-Oh! The Movie: Pyramid of Light
344	Woodstock
345	Born in East L.A.
346	Burn Up!! A Close, Intense, Super-Fierce Battle
347	Tortilla Flat
348	Hotel Terminus: The Life and Times of Klaus Barbie
349	Nirvana
350	Ratatouille
351	Robots
352	The Wizard of Oz
353	I, Robot
354	Elf
355	She's Having a Baby
356	It's a Mad, Mad, Mad, Mad World
357	Eragon
358	X
359	Final Fantasy: The Spirits Within
360	Bent
361	Wild Strawberries
362	Barcelona
363	Sabrina
364	Lancelot du Lac
365	Wicker Park
366	Saved!
367	The Gun in Betty Lou's Handbag
368	Dead Men Don't Wear Plaid
369	The Set-Up
370	Magnolia
371	Porky's Hare Hunt
372	Live from Baghdad
373	That's Entertainment III
374	Mr. Nice Guy
375	Spartan
376	Mostly Martha
377	Agent Cody Banks 2: Destination London
378	The Protector
379	She's Gotta Have It
380	Tobruk
381	Star Wars Episode VI: Return of the Jedi
382	Film
383	A Night at the Opera
384	Young Dr. Kildare
385	Babette's Feast
386	For Love or Country: The Arturo Sandoval Story
387	Hamlet
388	Samson and Delilah
389	In My Father's Den
390	From Time to Time/De Temps en Temps
391	The R.M.
392	The Lawnmower Man
393	Deterrence
394	Sleepers
395	Starsky & Hutch
396	Child's Play
397	Good Morning
398	Alone in the Dark
399	Species
400	Metropolis
401	SLC Punk!
402	Spawn
403	Ocean's Twelve
404	Pokamon: Jirachi Wishmaker
405	Becky Sharp
406	Air Force One
407	Twelve O'Clock High
408	Hackers
409	Cabin Boy
410	Dumb & Dumber
411	Country
412	Bocaccio '70
413	Brigham City
414	Les liaisons dangereuses
415	Romance
416	The Adventures of Pinocchio
417	Battle Cry
418	Apollo 13
419	The Lord of the Rings: The Return of the King
420	Rambo: First Blood Part II
421	Chairman of the Board
422	Joan of Arc
423	Promised Land
424	L'Auberge espagnole
425	Monster's Ball
426	The French Connection
427	Saps at Sea
428	Austin Powers: Goldmember
429	Day of the Dead
430	Six Degrees of Separation
431	The Net
432	K-19: The Widowmaker
433	Mary Shelley's Frankenstein
434	Augustin, King of Kung-Fu
435	No Retreat, No Surrender
436	Trainspotting
437	Wall Street
438	The Face Behind the Mask
439	South Park: Bigger, Longer & Uncut
440	The Brave Little Toaster
441	Face to Face
442	Hannibal
443	Dr. Dolittle 2
444	The Killing Fields
445	Godzilla vs. the Sea Monster
446	Crossfire
447	Destination Moon
448	Radio Flyer
449	Romeo + Juliet
450	The Sea Hawk
451	Bananas
452	Johnny Mnemonic
453	Flesh & Blood
454	Arsenic and Old Lace
455	Stand by Me
456	Murphy's Romance
457	Poison Ivy
458	The Skulls
459	Vision Quest
460	Creep
461	BAADASSSSS!
462	Easy Rider
463	Out of the Blue
464	Lolita
465	The Transformers: The Movie
466	Ararat
467	The Lost World: Jurassic Park
468	The Dukes of Hazzard
469	Murder, Inc.
470	Boys Don't Cry
471	Kinsey
472	Wild at Heart
473	Who Am I?
474	Ghost Dog: The Way of the Samurai
475	Cinderella
476	How to Kill Your Neighbor's Dog
477	Orlando
478	Harry Potter and the Order of the Phoenix
479	Manhattan Project
480	Ben-Hur
481	Homerun
482	Bus Stop
483	A Cool, Dry Place
484	Fearless
485	Time After Time
486	The Fisher King
487	Roustabout
488	Batman Beyond: Return of the Joker
489	Bonjour tristesse
490	Fight Club
491	Inferno
492	Crimson Tide
493	Lifeboat
494	The Others
495	The Hindenburg
496	Delicatessen
497	The Price of Milk
498	I'll Cry Tomorrow
499	Vacation
500	Cousins
501	Delgo
502	Shall We Dance?
503	Green Card
504	Peter's Friends
505	Abe Lincoln in Illinois
506	What's Eating Gilbert Grape
507	Mr. & Mrs. Smith
508	Robin Hood: Men in Tights
509	Sirens
510	The Bourne Supremacy
511	The Gift
512	Bram Stoker's Dracula
513	Martha, Meet Frank, Daniel and Laurence
514	Thursday
515	The Clan of the Cave Bear
516	Stalker
517	Double Tap
518	Thirteen Days
519	Ulzana's Raid
520	P.S. Your Cat Is Dead
521	Piglet's Big Movie
522	Honey, I Blew Up the Kid
523	L'Appartement
524	Exodus
525	Tadpole
526	Kelly's Heroes
527	Fail-Safe
528	Imagining Argentina
529	Only When I Laugh
530	Dr. Phibes Rises Again
531	The Hostage
532	The Battle of the River Plate
533	Circus
534	The Big Chill
535	Dance with a Stranger
536	Round Midnight
537	Somewhere in Time
538	Breaker Morant
539	Pee-wee's Big Adventure
540	The Talented Mr. Ripley
541	Starting Over
542	Yours, Mine and Ours
543	Mujhse Dosti Karoge!
544	Cheech & Chong's Up in Smoke
545	Wizards
546	Pretty Baby
547	Amy Stiller's Breast
548	Ali
549	Deep Impact
550	The Manchurian Candidate
551	The Song of Bernadette
552	He's a Woman, She's a Man
553	Full Frontal
554	True Stories
555	Diva
556	Claudine
557	2046
558	And God Created Woman
559	The Caine Mutiny
560	Murphy's War
561	Goodbye, Mr. Chips
562	Monsignor
563	Popeye
564	Edward II
565	Amadeus
566	Black Sheep
567	Baby's Day Out
568	Man of the House
569	Dragonfly
570	Mary Poppins
571	Batman & Mr. Freeze: SubZero
572	Quatermass and the Pit
573	Everyman's Feast
574	Rent
575	Carmen: A Hip Hopera
576	Wilson
577	Holiday
578	Donald's Cousin Gus
579	Hitch
580	Will Success Spoil Rock Hunter?
581	The One
582	Fanny
583	Cannibal! The Musical
584	Mona Lisa
585	True Colors
586	Point Blank
587	Brainstorm
588	Screamers
589	Looney Tunes: Back in Action
590	Pay It Forward
591	The Green Mile
592	Downfall
593	Dead End
594	A Lonesome, Final Battle: The Father of Z-Warrior Son Goku, who Challenged Freeza
595	Serendipity
596	The Farmer's Daughter
597	Tom and Jerry: The Movie
598	Something's Gotta Give
599	Remo Williams: The Adventure Begins
600	Babe: Pig in the City
601	Lady and the Tramp II: Scamp's Adventure
602	Tombstone
603	It
604	Buffy the Vampire Slayer
605	Little Dorrit
606	Baywatch: Hawaiian Wedding
607	Moulin Rouge!
608	Lorenzo's Oil
609	The Misfits
610	Beethoven's 3rd
611	Holocaust
612	Sniper
613	Bad Girls
614	The League of Gentlemen
615	The Diary of Anne Frank
616	The Little Mermaid II: Return to the Sea
617	My Family
618	Heaven & Earth
619	Cuckoo
620	Star Wars Episode V: The Empire Strikes Back
621	Bat*21
622	The Delinquents
623	Jersey Girl
624	Cape Fear
625	The Chronicles of Riddick: Dark Fury
626	Aimee & Jaguar
627	Something Wild
628	Limelight
629	Casper
630	The Birds
631	Don't Tell Mom the Babysitter's Dead
632	Tennessee's Partner
633	The Muppets' Wizard of Oz
634	Batoru rowaiaru II: Chinkonka
635	Endless Love
636	Holy Smoke!
637	Possessed
638	Chameli
639	Sense and Sensibility
640	Flower & Garnet
641	Miracle Mile
642	Incubus
643	Scenes from a Marriage
644	Cursed
645	Fantasia
646	The Vanishing
647	The Village
648	Gunfight at the O.K. Corral
649	Groove
650	Minority Report
651	Kes
652	Come and Get It
653	Enigma
654	Old School
655	The Score
656	The Games
657	Superman
658	Young Adam
659	Madigan's Millions
660	All's Well, Ends Well
661	Lake Placid
662	Pokamon: Lucario and the Mystery of Mew
663	Beauty and the Beast: The Enchanted Christmas
664	Stripes
665	Jeans
666	Papillon
667	Moulin Rouge
668	The Stranger
669	Seventh Heaven
670	Wing Commander
671	The Crow: City of Angels
672	Hitler: The Last Ten Days
673	The Tales of Hoffmann
674	The Witness
675	Arthur
676	Oliver Twist
677	She's All That
678	Dogma
679	Kiki's Delivery Service
680	Hearts of Darkness: A Filmmakers's Apocalypse
681	10
682	Sleepy Hollow
683	National Lampoon's Christmas Vacation
684	Friday
685	White Fang
686	Fantastic Four
687	Homeward Bound: The Incredible Journey
688	Willow
689	Cheech & Chong's Next Movie
690	Sneakers
691	Rapunzel
692	About Last Night
693	Ship of Fools
694	How the West Was Won
695	Macbeth
696	One, Two, Three
697	Witness
698	The Fast and the Furious
699	Top Hat
700	Weekend at Bernie's
701	Striptease
702	Presumed Innocent
703	King: a Filmed Record...Montgomery To Memphis
704	I Know Where I'm Going!
705	East of Eden
706	The Cheat
707	Rob Roy
708	At the End of the Day: The Sue Rodriguez Story
709	1941
710	The Jungle Book
711	The Morning After
712	The Thing
713	Conspiracy
714	Spellbound
715	Candy
716	Ticker
717	Anne of Green Gables: The Continuing Story
718	What Dreams May Come
719	Picnic
720	Contempt
721	State Fair
722	Dirty Dancing
723	Casablanca
724	Grease
725	Sweet Home Alabama
726	Orange County
727	Once a Thief
728	Julia
729	Panic Room
730	The Final Cut
731	Dracula
732	Romeo and Juliet
733	Gandhi
734	Continental Divide
735	Berkeley Square
736	Glory
737	Bagdad
738	Quo Vadis
739	The Truth About Cats & Dogs
740	The Gospel of John
741	So Proudly We Hail!
742	Dr. Jekyll and Mr. Hyde
743	Over the Edge
744	Modern Times
745	Safety Last!
746	The Longest Day
747	The House of the Spirits
748	Gidget
749	Heavy Weights
750	Hidalgo
751	Starman
752	The Way of All Flesh
753	Godzilla
754	Junior
755	It's a Very Merry Muppet Christmas Movie
756	Night of the Living Dead
757	Amerika
758	The Thief of Bagdad
759	Diner
760	Ballistic: Ecks vs. Sever
761	Doug's 1st Movie
762	Von Ryan's Express
763	Sleepover
764	Speakeasy
765	Airport '77
766	Condemned
767	Someone Like You
768	Scrooge
769	The Brothers Karamazov
770	Coal Miner's Daughter
771	Asoka
772	Guess Who's Coming to Dinner
773	L'ige d'Or
774	Tape
775	Star Wars Episode III: Revenge of the Sith
776	The River
777	Dogfight
778	Dawn of the Dead
779	Behind Enemy Lines
780	Journey to the Center of the Earth
781	The Good Earth
782	Mangal Pandey: The Rising
783	East is East
784	Body and Soul
785	Saw
786	Thirteen
787	Who Is Harry Kellerman and Why Is He Saying Those Terrible Things About Me?
788	Alex & Emma
789	Vera Cruz
790	Blue Desert
791	The War at Home
792	Omagh
793	Viva Villa!
794	Pump Up the Volume
795	Babe
796	Angus
797	Team America: World Police
798	Under the Tuscan Sun
799	Spanglish
800	Beowulf
801	The Good Son
802	The Luck of the Irish
803	Restoration
804	Everything You Always Wanted to Know About Sex (But Were Afraid to Ask)
805	Posse
806	Come Back, Little Sheba
807	Friday the 13th
808	X-Men
809	Peyton Place
810	Planet of the Apes
811	Stargate
812	Sunset Boulevard
813	Unfaithful
814	Scooby-Doo 2: Monsters Unleashed
815	Phone Booth
816	Sorcerer
817	The Poseidon Adventure
818	Camille Claudel
819	Intolerance
820	Hook
821	Atlantis: Milo's Return
822	Shanghai Express
823	Short Circuit
824	Oh! What a Lovely War
825	Happy Together
826	What's Opera, Doc?
827	Dangerous Curves
828	Knots Landing: Back to the Cul-de-Sac
829	House of Wax
830	Chicken Little
831	Tom Jones
832	Anchors Aweigh
833	Holiday Inn
834	Kronos
835	High Voltage
836	Harry Potter and the Half-Blood Prince
837	The Fox and the Hound
838	Topper
839	The Grifters
840	The Rainmaker
841	Thunderbirds
842	I Haven't Got a Hat
843	John Carpenter's Escape from L.A.
844	Basic
845	Andrei Rublev
846	Anatomy
847	Peeping Tom
848	The Emperor's Club
849	Booty Call
850	Chopper
851	Munna Bhai M.B.B.S.
852	The Testaments: Of One Fold and One Shepherd
853	Flipper
854	K-9
855	X2
856	Gone to Earth
857	Bad News Bears
858	The Farmer's Wife
859	Knock Knock
860	Vanishing Point
861	The Miracle of Morgan's Creek
862	Rappin'
863	Silver City
864	Rock 'n' Roll High School
865	Savior
866	An Alan Smithee Film: Burn Hollywood Burn
867	Dirty Rotten Scoundrels
868	What's Love Got to Do with It
869	It's a Gift
870	Sybil
871	Darkness
872	The Russians Are Coming, the Russians Are Coming
873	Bed & Board
874	Who's Harry Crumb?
875	Charlie's Angels
876	Ilsa: She-Wolf of the SS
877	Love Field
878	My Blue Heaven
879	Mermaids
880	Rabbits
881	Willy Wonka & the Chocolate Factory
882	Beauty and the Beast
883	2010: The Year We Make Contact
884	From Time to Time
885	Our Town
886	Clash!! 10,000,000,000 Powerful Warriors
887	Clue
888	The Little Rascals
889	Laurel Canyon
890	The Swan
891	Marie Antoinette
892	A Sound of Thunder
893	John Carpenter's The Thing
894	The Stepfather
895	Kentucky
896	Personal History, Adventures, Experience, and Observation of David Copperfield the Younger
897	Wake Island
898	Battle of the Bulge
899	Quintet
900	Mary, Queen of Scots
901	The Bishop's Wife
902	Flash Gordon
903	L'homme du train
904	Women in Love
905	Ransom
906	Tales from the Crypt
907	Jude
908	Mr. Majestyk
909	Hooper
910	Cecil B. Demented
911	Ecstasy
912	Point of No Return
913	Donovan's Reef
914	The Red Shoes
915	Frankenstein
916	Ghost
917	Twin Peaks: Fire Walk With Me
918	Elizabeth: The Golden Age
919	Wilde
920	Dungeons & Dragons
921	Perfect Strangers
922	The Incredible Mr. Limpet
923	Impromptu
924	Pokamon: Legend Comes to Life
925	High Fidelity
926	Go
927	Cobra
928	The Devil's Advocate
929	Clean
930	Tomcats
931	Private's Progress
932	You've Got Mail
933	Predator
934	Whiteout
935	M
936	Edward, My Son
937	Mr. Saturday Night
938	Hustle
939	Buffalo '66
940	Lemony Snicket's A Series of Unfortunate Events
941	Beloved
942	Them!
943	Topkapi
944	Titus
945	The Hand That Rocks the Cradle
946	Alive
947	Knife in the Water
948	Multiplicity
949	Uranus
950	Rock Star
951	Don't Move
952	In & Out
953	Bells Are Ringing
954	Georgia
955	Head
956	Lone Star
957	Hercules
958	Anthropophagous
959	That's Dancing!
960	Arachnophobia
961	Car Wash
962	A Kid in King Arthur's Court
963	Fahrenheit 9/11
964	1900
965	City Hall
966	Ronin
967	Don't Say a Word
968	To Be or Not to Be
969	Scum
970	I'm Gonna Git You Sucka
971	The Hurricane
972	Under Siege 2: Dark Territory
973	Gerry
974	Beethoven
975	Frequency
976	3: The Dale Earnhardt Story
977	Addicted to Love
978	The Secret Garden
979	Das Testament des Dr. Mabuse
980	Summertime
981	Justice
982	Halloween III: Season of the Witch
983	Longshot
984	Air America
985	Rollerball
986	Master and Commander: The Far Side of the World
987	Naked Lunch
988	Accident
989	Dracula: Dead and Loving It
990	The People vs. Larry Flynt
991	Meteor
992	Percy
993	Can't Hardly Wait
994	Homeboy
995	The Hobbit
996	Harry Potter and the Goblet of Fire
997	Rushmore
998	Hedda
999	Square Dance
1000	What's Up, Doc?
1001	The Emperor's New Groove
1002	Twentieth Century
1003	The Devil's Disciple
1004	1984
1005	Cross Creek
1006	Paris, Texas
1007	Der Fuehrer's Face
1008	The Princess Diaries
1009	Days of Wine and Roses
1010	My Left Foot
1011	Rudy
1012	The Mother
1013	Watership Down
1014	Soul Food
1015	Max
1016	After Hours
1017	The Philadelphia Experiment
1018	Godfather
1019	King of Kings
1020	Reuben, Reuben
1021	Sylvia
1022	Hulk
1023	If...
1024	Maverick
1025	Irreversible
1026	Colossus: The Forbin Project
1027	Thunderbolt
1028	Hud
1029	The Rehearsal
1030	Crush
1031	Win a Date with Tad Hamilton!
1032	Alien Nation
1033	The Exorcist
1034	Rebecca
1035	Rush Hour
1036	Men in Black
1037	An American Tail: Fievel Goes West
1038	Fever Pitch
1039	The Trip
1040	Catwoman
1041	Boogeyman
1042	Henry: Portrait Of A Serial Killer
1043	Iris
1044	Harold & Kumar Go to White Castle
1045	The Hitchhiker's Guide to the Galaxy
1046	M. Butterfly
1047	Slap Shot
1048	Shadows
1049	The Yearling
1050	Raw Deal
1051	UHF
1052	Coquette
1053	New Rose Hotel
1054	The Fiendish Plot of Dr. Fu Manchu
1055	Greystoke - The Legend of Tarzan, Lord of the Apes
1056	Rapid Fire
1057	I Want to Live!
1058	Starship Troopers
1059	Truly, Madly, Deeply
1060	Come Back to the Five and Dime, Jimmy Dean, Jimmy Dean
1061	The First $20 Million Is Always the Hardest
1062	Blue
1063	Where the Heart Is
1064	The Haunted Mansion
1065	Harry Potter and the Prisoner of Azkaban
1066	Blank Check
1067	Wasabi
1068	Mo' Better Blues
1069	Inchon
1070	Lovin' Molly
1071	Blink
1072	Ishtar
1073	Above the Law
1074	The Lord of the Rings
1075	Nowhere
1076	Rigoletto
1077	No Way Out
1078	Jabberwocky
1079	The X Files
1080	DuckTales the Movie: Treasure of the Lost Lamp
1081	Excalibur
1082	Midnight Express
1083	Red Dragon
1084	Identity
1085	Henry V
1086	Music Box
1087	2001: A Space Odyssey
1088	Night Shift
1089	John Carter of Mars
1090	Traffic
1091	Tillie's Punctured Romance
1092	Philadelphia
1093	Prince of Darkness
1094	American Girl
1095	National Lampoon's Van Wilder
1096	Khabi Khushi Kabhi Gham
1097	Blue Streak
1098	Lara Croft: Tomb Raider
1099	The Big House
1100	The Ten Commandments
1101	Foxfire
1102	Nashville
1103	Aliens
1104	Cowboy Bebop: The Movie
1105	What's the Worst That Could Happen?
1106	The Lion King II: Simba's Pride
1107	Hart's War
1108	Swimming Pool
1109	The Pure Hell of St Trinian's
1110	Fluke
1111	Faces
1112	Michael Collins
1113	Criminal Law
1114	...tick...tick...tick...
1115	Big Daddy
1116	Spy Kids 2: Island Of Lost Dreams
1117	Jubilee
1118	Doctor Who
1119	Willard
1120	Second Skin
1121	Miracle
1122	Snake Eyes
1123	The Cheetah Girls
1124	Star Wars Episode I: The Phantom Menace
1125	Exorcist II: The Heretic
1126	Chinatown
1127	Austin Powers: International Man of Mystery
1128	Witchfinder General
1129	Armed and Dangerous
1130	Alphaville
1131	The Contender
1132	Crossroads
1133	The Kid
1134	Category 6: Day of Destruction
1135	The Wizard
1136	Swing Out, Sister
1137	Greed
1138	Brigham Young
1139	25th Hour
1140	Ryan's Daughter
1141	Animal Crackers
1142	Affliction
1143	Election
1144	Pinky
1145	PCU
1146	The Three Musketeers
1147	Backdraft
1148	Committed
1149	Alfie
1150	Bottle Rocket
1151	Boys' Night Out
1152	Oliver's Story
1153	Dodgeball: A True Underdog Story
1154	The Fall of the Roman Empire
1155	Celebrity
1156	All the Queen's Men
1157	Sugar & Spice
1158	Out Cold
1159	Warlock
1160	Rad
1161	Free Willy 2: The Adventure Home
1162	America's Sweethearts
1163	My Best Friend's Wedding
1164	Test Pilot
1165	Jetsons: The Movie
1166	Platoon
1167	Boys Town
1168	Grand Prix
1169	Performance
1170	Anjali
1171	Head of State
1172	Yu Yu Hakusho: Poltergeist Report
1173	Commando
1174	Alice in Wonderland
1175	Madhouse
1176	Snow White and the Seven Dwarfs
1177	The Star
1178	It's a Wonderful Life
1179	Spirit: Stallion of the Cimarron
1180	The Hills Have Eyes
1181	National Treasure
1182	Wimbledon
1183	Casino
1184	SuperBabies: Baby Geniuses 2
1185	To Catch a Thief
1186	Shatranj Ke Khiladi
1187	Jerky Boys: The Movie
1188	Berserker
1189	Dante's Peak
1190	Poor Little Rich Girl
1191	Airplane!
1192	Battle Royale
1193	The Letter
1194	Dirty Mary, Crazy Larry
1195	The Dead
1196	Foreign Correspondent
1197	Earthquake
1198	54
1199	Secretary
1200	Superfly
1201	Pandaemonium
1202	El Cid
1203	Wayne's World 2
1204	McCabe & Mrs. Miller
1205	Blind Date
1206	Class Action
1207	Love Is a Many-Splendored Thing
1208	Ewoks: The Battle for Endor
1209	Faust
1210	The Lady Vanishes
1211	Trinity
1212	Black and White
1213	Sullivan's Travels
1214	The Cruel Sea
1215	The Devils
1216	Terminator 3: Rise of the Machines
1217	Mr. Baseball
1218	Lean on Me
1219	Equilibrium
1220	Patch Adams
1221	Twilight
1222	The Firm
1223	Victim
1224	The 5,000 Fingers of Dr. T
1225	Somebody Up There Likes Me
1226	Charlie's Angels: Full Throttle
1227	Richard III
1228	Cats Don't Dance
1229	Fahrenheit 9/11Â½
1230	Broadcast News
1231	Road House
1232	Total Eclipse
1233	James and the Giant Peach
1234	The Human Condition
1235	The Princess Diaries 2: Royal Engagement
1236	Queen Bee
1237	Constantine
1238	The Saint
1239	Rebirth of Fusion!! Goku and Vegeta!!
1240	BMX Bandits
1241	Barbershop
1242	Battleground
1243	Override
1244	Cousin, cousine
1245	8Â½
1246	Kate & Leopold
1247	Top Secret!
1248	Star Wars Episode II: Attack of the Clones
1249	Mr. Nanny
1250	The Mission
1251	The Elephant Man
1252	Pulp Fiction
1253	Buster
1254	Detroit Rock City
1255	Obsession
1256	The Temptations
1257	Adam's Rib
1258	The Informer
1259	I'll Never Forget What's 'Isname
1260	Patton
1261	L'Homme de Rio
1262	Anacondas: The Hunt for the Blood Orchid
1263	Saboteur
1264	Daylight
1265	Little Nicky
1266	Dick Tracy
1267	Batman: Mystery of the Batwoman
1268	Anger Management
1269	A Hard Day's Night
1270	Roger & Me
1271	What the #$*! Do We Know!?
1272	All's Well, Ends Well Too
1273	Rashomon
1274	Notting Hill
1275	Weird Science
1276	Heist
1277	Visitors
1278	Hide and Seek
1279	Edge of Darkness
1280	Out of Africa
1281	Dirty Work
1282	Jason and the Argonauts
1283	Hitler, Beast of Berlin
1284	Key Largo
1285	Antitrust
1286	Lost in Translation
1287	Collateral Damage
1288	Ghost World
1289	Frantic
1290	Hawks
1291	Aces High
1292	King Kong
1293	Castaway
1294	Twins
1295	Ring 0: Birthday
1296	That Darn Cat!
1297	Mission: Impossible
1298	Book of Shadows: Blair Witch 2
1299	Heaven
1300	El Norte
1301	Ginger Snaps
1302	The Bourne Identity
1303	Caveman
1304	Bob & Carol & Ted & Alice
1305	Seabiscuit
1306	Resurrection
1307	Waterloo
1308	Birdy
1309	P.S.
1310	Making Mr. Right
1311	Howards End
1312	Zulu
1313	The Insider
1314	The Club
1315	The Black Stallion
1316	Viva Zapata!
1317	Timeline
1318	Carrington V.C.
1319	Day for Night
1320	The Doors
1321	Harvey
1322	Run
1323	Don't Look Now
1324	Snake in the Eagle's Shadow
1325	Honey
1326	Intimacy
1327	Double Jeopardy
1328	Halloween
1329	Max Keeble's Big Move
1330	Bulldog Drummond
1331	The Last of the Mohicans
1332	Anne of Green Gables
1333	Dinosaur
1334	Face/Off
1335	Caravan of Courage: An Ewok Adventure
1336	Paparazzi
1337	Rat Race
1338	Salome
1339	Ned Kelly
1340	Gremlins 2: The New Batch
1341	Legend
1342	Jezebel
1343	A.I.
1344	Mission: Impossible II
1345	Reign: The Conqueror
1346	Ramona
1347	Cyclo
1348	Kama Sutra: A Tale of Love
1349	Collateral
1350	Ace Ventura: Pet Detective
1351	Laura
1352	The Naked Gun 2 1/2: The Smell of Fear
1353	Hans Christian Andersen
1354	Taxi
1355	Fargo
1356	By Dawn's Early Light
1357	Firefox
1358	What a Girl Wants
1359	Badlands
1360	Sister Act 2: Back in the Habit
1361	The Party
1362	Laputa: Castle in the Sky
1363	The Beast
1364	The Cotton Club
1365	Suddenly
1366	Troy
1367	Madagascar
1368	The Mask
1369	San Francisco
1370	Look Who's Talking Too
1371	That Thing You Do!
1372	Casino Royale
1373	The Baby-Sitters Club
1374	The Sand Pebbles
1375	Darling
1376	Z
1377	Cube
1378	Godzilla 2000: Millennium
1379	Lilo & Stitch
1380	Pandemonium
1381	Conspiracy Theory
1382	Dumb & Dumberer
1383	Cocoon: The Return
1384	The Shining
1385	The Blue Lagoon
1386	Chaplin
1387	The War of the Roses
1388	Armageddon
1389	Apt Pupil
1390	Captain Newman, M.D.
1391	Around the World in Eighty Days
1392	Stitch! The Movie
1393	Salvador
1394	Child's Play 2
1395	Hardcore
1396	Toys
1397	To Wong Foo, Thanks for Everything! Julie Newmar
1398	The Haunting
1399	With a Song in My Heart
1400	Rounders
1401	Atlantis: The Lost Empire
1402	Clockwise
1403	Dreams
1404	Ice Station Zebra
1405	Backlash
1406	Freeway
1407	Sleeper
1408	Tron
1409	The Flintstones
1410	Me, Myself & Irene
1411	Strange Days
1412	Afterglow
1413	The Damned
1414	Cat People
1415	Cars
1416	Morning Glory
1417	Mr. Mike's Mondo Video
1418	Heaven Can Wait
1419	Harry Potter and the Philosopher's Stone
1420	Skippy
1421	New York, New York
1422	Three Coins in the Fountain
1423	City of God
1424	Legally Blonde 2: Red, White & Blonde
1425	Wes Craven's New Nightmare
1426	Tom & Viv
1427	Lagaan: Once Upon a Time in India
1428	Grand Hotel
1429	Caligula
1430	Jimmy Neutron: Boy Genius
1431	Calamity Jane
1432	What About Bob?
1433	Dunkirk
1434	Walkabout
1435	Carnal Knowledge
1436	The Thin Man
1437	Ray
1438	Darby O'Gill and the Little People
1439	House Party
1440	Prizzi's Honor
1441	Superman IV: The Quest For Peace
1442	Mishima: A Life in Four Chapters
1443	The Taking of Pelham One Two Three
1444	King Arthur
1445	Josie and the Pussycats
1446	Disraeli
1447	Daredevil
1448	Dragon: The Bruce Lee Story
1449	Medusa: Dare to Be Truthful
1450	Merlin's Shop of Mystical Wonders
1451	Doom
1452	The Grave
1453	Bound
1454	Closer
1455	The Line, the Cross and the Curve
1456	Red Planet
1457	The Big Bounce
1458	Othello
1459	The Great Escape II: The Untold Story
1460	Benny & Joon
1461	Intermission
1462	Star Trek III: The Search for Spock
1463	Independence Day
1464	Room Service
1465	Resident Evil: Apocalypse
1466	Beat the Devil
1467	Night Watch
1468	Summer School
1469	After Life
1470	Ulee's Gold
1471	Major League
1472	Beethoven's 4th
1473	Black Sabbath
1474	That Was Then... This Is Now
1475	Pearl Harbor
1476	Island in the Sun
1477	The Broken Hearts Club: A Romantic Comedy
1478	Romy and Michele's High School Reunion
1479	My Foolish Heart
1480	Layer Cake
1481	Dick
1482	The Big Kahuna
1483	Nothing Lasts Forever
1484	The Gambler
1485	The Librarian
1486	Soldier
1487	Scooby-Doo
1488	Little Women
1489	Kids
1490	Double Vision
1491	Sleeping with the Enemy
1492	Marnie
1493	Enemy of the State
1494	The Crow
1495	Atlantic City
1496	Wayne's World
1497	Piccadilly
1498	Gettysburg
1499	Juarez
1500	Entrapment
1501	Xanadu
1502	Tequila Sunrise
1503	Dazed and Confused
1504	Scandal
1505	The Jacksons: An American Dream
1506	Mr. Holland's Opus
1507	Pocahontas
1508	The Portrait of a Lady
1509	King Rat
1510	Look at Me
1511	Harry Potter and the Chamber of Secrets
1512	Die Hard: With a Vengeance
1513	Blue Murder at St Trinian's
1514	Signs
1515	Lifeforce
1516	Sorry, Wrong Number
1517	Aladdin
1518	The Lord of the Rings: The Two Towers
1519	Avalon
1520	O Lucky Man!
1521	The Island
1522	Judgment Night
1523	Monkey Business
1524	The Last Tycoon
1525	Congo
1526	McLintock!
1527	Titanic
1528	The Nanny
1529	Bulletproof
1530	Nam's Angels
1531	Tales from the Crypt presents: Demon Knight
1532	Ladies and Gentlemen, The Fabulous Stains
1533	Lost in Space
1534	Blade
1535	Hell's Hinges
1536	Babes in Toyland
1537	The Killer
1538	Love Me Tender
1539	Smash-Up, the Story of a Woman
1540	Teacher's Pet
1541	The Lord of the Rings: The Fellowship of the Ring
1542	Smilin' Through
1543	Godzilla: Final Wars
1544	Tora! Tora! Tora!
1545	C.H.U.D.
1546	Malcolm X
1547	The 'Burbs
1548	Party Girl
1549	Stray Dog
1550	North
1551	Flirting
1552	Arrowsmith
1553	Ring
1554	Rangeela
1555	Love's Labour's Lost
1556	Running on Empty
1557	Blood from the Mummy's Tomb
1558	Dead Zone
1559	Kingdom of Heaven
1560	Bully
1561	Bright Eyes
1562	Happiness
1563	Jaws
1564	Birth
1565	Stagecoach
1566	Jackass: The Movie
1567	Bridget Jones: The Edge of Reason
1568	Breakin' All the Rules
1569	Audition
1570	The Boys from Brazil
1571	Rio Grande
1572	Chain Reaction
1573	F/X
1574	Cabin Fever
1575	Chance
1576	Love Letters
1577	Elektra
1578	42nd Street
1579	Distance
1580	PT 109
1581	Heavy
1582	The War of the Worlds
1583	Breakfast at Tiffany's
1584	Charlie and the Chocolate Factory
1585	Riding the Bullet
1586	Jesus of Nazareth
1587	Cheaters
1588	Cops
1589	Star Trek VI: The Undiscovered Country
1590	The Black Cauldron
1591	Pigs Is Pigs
1592	Missing
1593	Revenge of the Nerds III: The Next Generation
1594	Rabbit-Proof Fence
1595	Idiot's Delight
1596	National Lampoon's Last Resort
1597	Shock
1598	Levity
1599	Problem Child
1600	Scream
1601	Made
1602	Three Comrades
1603	The Heartbreak Kid
1604	The Adventures of Robinson Crusoe
1605	Brazil
1606	The Searchers
1607	Blackadder: Back & Forth
1608	Demolition Man
1609	The Shaggy Dog
1610	Exiled: A Law & Order Movie
1611	Taking Lives
1612	New York Minute
1613	Curdled
1614	Leo
1615	Snatch
1616	Double Indemnity
1617	China O'Brien
1618	S.W.A.T.
1619	Sunrise
1620	The Order
1621	Gothic
1622	A Day at the Races
1623	Alexander's Ragtime Band
1624	Love and Kisses
1625	The Rules of Attraction
1626	The Keep
1627	Pete's Dragon
1628	Alien: Resurrection
1629	Heat
1630	Pirates of the Caribbean: The Curse of the Black Pearl
1631	The Funeral
1632	Guinevere
1633	Hair
1634	Ji¶nssonligans sti¶rsta kupp
1635	The Stepford Wives
1636	Quadrophenia
1637	Sisters
1638	Rabbit Test
1639	Magic
1640	Brother
1641	Lust for Life
1642	Antwone Fisher
1643	Barbarians at the Gate
1644	Schindler's List
1645	But I'm a Cheerleader
1646	Cheaper by the Dozen
1647	The Best Man
1648	Algiers
1649	Bongwater
1650	Vampires
1651	Fathers' Day
1652	Matilda
1653	Erin Brockovich
1654	Home Fries
1655	Teaching Mrs. Tingle
1656	Diamond Head
1657	The Pledge
1658	All the King's Men
1659	Morgan: A Suitable Case for Treatment
1660	Indochine
1661	The Crow: Salvation
1662	Turkish Delight
1663	Down to Earth
1664	Mortal Kombat: Annihilation
1665	Fat Albert
1666	Beyond the Sea
1667	Underworld: Evolution
1668	Star Wars Episode IV: A New Hope
1669	Phantom of the Opera
1670	Splash
1671	The Craft
1672	Street Fighter
1673	The Enforcer
1674	Shivers
1675	History Is Made at Night
1676	Santa's Slay
1677	Manhattan
1678	Trial
1679	sex, lies and videotape
1680	Silsila
1681	Top Gun
1682	Muriel's Wedding
1683	Hopscotch
1684	Dead Calm
1685	Twilight Zone: The Movie
1686	Jacob's Ladder
1687	Glitter
1688	Mickey's Christmas Carol
1689	The Bells of St. Mary's
1690	Road Trip
1691	Distant Voices, Still Lives
1692	Batman & Robin
1693	Bedazzled
1694	Candyman
1695	The Guru
1696	Reign of Fire
1697	Que i Isso, Companheiro?
1698	Twister
1699	Casualties of Love: The Long Island Lolita Story
1700	Testament
1701	Spartacus
1702	Good Boy!
1703	Child's Play 3
1704	The Devil's Holiday
1705	Monument Ave.
1706	Taegukgi
1707	Ghidorah, the Three-Headed Monster
1708	Puss in Boots
1709	Helter Skelter
1710	Mary of Scotland
1711	Freedomland
1712	L'avventura
1713	My Dog Skip
1714	His Majesty O'Keefe
1715	Herbie: Fully Loaded
1716	Â¡itame!
1717	Jagged Edge
1718	The Alamo
1719	Glen or Glenda?
1720	Cul-de-Sac
1721	Cellular
1722	Aftershock: Earthquake in New York
1723	Celine et Julie vont En Bateau
1724	Spider
1725	O Brother, Where Art Thou?
1726	Star Trek II: The Wrath of Khan
1727	Elizabeth
1728	Ghost Ship
1729	Mandingo
1730	Blueprint
1731	Hawmps!
1732	Marvin's Room
1733	Summer Wishes, Winter Dreams
1734	Peter Pan
1735	I heart Huckabees
1736	Mortal Kombat
1737	Normal
1738	The Pied Piper
1739	Bulldog Drummond's Secret Police
1740	Giant
1741	Bloodsport
1742	Police Academy
1743	Contact
1744	Rouge
1745	Battle of Britain
1746	Alice Doesn't Live Here Anymore
1747	Mackenna's Gold
1748	Cliffhanger
1749	Sin City
1750	Yojimbo
1751	Industrial Symphony No. 1
1752	Three Kings
1753	Adaptation
1754	Dodge City
1755	King of the Hill
1756	Pollock
1757	The Edge
1758	Primal Fear
1759	Cabaret
1760	Ran
1761	U-571
1762	D.O.A.
1763	Bill & Ted's Excellent Adventure
1764	London After Midnight
1765	Paper Moon
1766	Oliver & Company
1767	Polyester
1768	Evolution
1769	Name of the Rose
1770	The Story of G.I. Joe
1771	Cold Mountain
1772	Hey Arnold!: The Movie
1773	Pii±ero
1774	Lady Caroline Lamb
1775	Speak
1776	Sabotage
1777	Gloria
1778	The Getaway
1779	I'm All Right Jack
1780	The Big One
1781	Star Trek: The Motion Picture
1782	Zapata: El suei±o de un heroe
1783	My Best Friend's Birthday
1784	Lara Croft Tomb Raider: The Cradle of Life
1785	Fallen
1786	Pooh's Heffalump Movie
1787	Desperado
1788	Don't Knock the Rock
1789	Sherlock, Jr.
1790	Steamboat Bill Jr.
1791	Mystic River
1792	Shine
1793	Mrs. Parker and the Vicious Circle
1794	Silver Streak
1795	Stage Fright
1796	Batman: Mask of the Phantasm
1797	Strategic Air Command
1798	Jailhouse Rock
1799	Veronica Guerin
1800	Oh... Rosalinda!!
1801	The Raven
1802	S.O.B.
1803	Hostage
1804	Getting Any?
1805	That's Entertainment!
1806	Wishmaster
1807	Beaches
1808	Persona
1809	CKY
1810	Point Break
1811	Garden State
1812	Psycho
1813	Tommy
1814	Pitch
1815	Dr. Who and the Daleks
1816	Pandora's Box
1817	Swiss Family Robinson
1818	This Island Earth
1819	Zhou Yu's Train
1820	Kolberg
1821	Barbershop 2: Back in Business
1822	The Rutles
1823	The Dreamer of Oz: The L. Frank Baum Story
1824	The Civil War
1825	Â¡Three Amigos!
1826	Look Who's Talking
1827	Twisted
1828	French Kiss
1829	Lady Jane
1830	The Lodger: A Story of the London Fog
1831	Ulysses
1832	Star Trek: Insurrection
1833	Solaris
1834	Eulogy
1835	Airport
1836	Concrete
1837	Children of Dune
1838	St. Elmo's Fire
1839	Mannequin
1840	Network
1841	Balto
1842	Batman
1843	Puppet Master
1844	Snow White
1845	Roxanne
1846	Rope
1847	A Christmas Carol
1848	Lenny
1849	Robotech: The Shadow Chronicles
1850	Zenon: Girl of the 21st Century
1851	Winchester '73
1852	The Great Waltz
1853	Mad Max 2: The Road Warrior
1854	God's Army
1855	Patterns
1856	Dave
1857	My Boyfriend's Back
1858	Mr. Destiny
1859	10.5
1860	Anarchists
1861	Ice Age
1862	Fanboys
1863	The Beast from 20,000 Fathoms
1864	Ace Ventura: When Nature Calls
1865	Vampire Hunter D: Bloodlust
1866	The Hunchback of Notre Dame
1867	Urban Legend
1868	They Shoot Horses, Don't They?
1869	Dreamscape
1870	Once Upon a Crime...
1871	Genevieve
1872	Dr. Strangelove or: How I Learned to Stop Worrying and Love the Bomb
1873	Lawrence of Arabia
1874	Caravaggio
1875	Eraser
1876	Carlito's Way
1877	Runaway Train
1878	Bring It On
1879	Snake & Crane Arts of Shaolin
1880	The Libertine
1881	Mambo Italiano
1882	Forever Young
1883	Abraham Lincoln
1884	Around the World in 80 Days
1885	The Green Berets
1886	Dune
1887	Singles
1888	Now, Voyager
1889	Lucas
1890	The Adventures of Robin Hood
1891	Seduction: The Cruel Woman
1892	Fear
1893	The Draughtsman's Contract
1894	Diamonds
